{
 "actions": [],
 "creation": "2021-05-06 16:18:25.410476",
 "doctype": "DocType",
 "editable_grid": 1,
 "engine": "InnoDB",
 "field_order": [
  "campaign"
 ],
 "fields": [
  {
   "fieldname": "campaign",
   "fieldtype": "Link",
   "in_list_view": 1,
   "label": "Campaign",
   "options": "Campaign"
  }
 ],
 "index_web_pages_for_search": 1,
 "istable": 1,
 "links": [],
 "modified": "2024-03-27 13:06:44.142625",
 "modified_by": "Administrator",
 "module": "Accounts",
 "name": "Campaign Item",
 "owner": "Administrator",
 "permissions": [],
 "sort_field": "creation",
 "sort_order": "DESC",
 "states": [],
 "track_changes": 1
}